login0,5ea6737ab16366a92595676fc6fcb9b2e9c8e841cb5802722b915216bbd65b94
login1,8d9c0f8a3e2db6faac5263fd28db1919cfead11bf9f1671719f39932dda3a8c7
login2,43a13a5c906d12f3cc2d0486e276fcfccb55f717c1a38be2f343187644ab98c3
login3,fed90736789d2d79f2f84ab72d483f890f20f169f503df132c0178264dd3d241
login4,88b122d4428aec43cf59ae4154d6fc95b9d615a1e0436675b014226c862ec07a
login5,6903b54f56b395640fdd47681f3c3643ab57ea9f2e9a635688fd23e6edae6262
login6,ff16f02560a060f00dd883d70e6d79c8a48df8ddda6a1116f20a229ab54ce07f
login7,7d3665d4d9fa0b51a70093247616ab73bb13edac5a005b4b5353357bc0375533
login8,f331a519426428b0938116d2c8f56e177895c74786c9b98d73da81e6e6b71c32
login9,ca40bf9afcc5bfe84f6d9d58b410b0c9e966b0baf5c583c96f0dcfc211666c71
newlogin1,ad9afbe88140af9e80f784e38f98118f5dbc57ec67b809c83f4c43e3a254d271
